question,answer
?,time and space.
8.30.17  9:42 pm     why do people at my school hate that I listen to the beatles and john lennon?      why did you tell people what you listen to?,.
I WAS LOOKING AT SOMEONE'S TWITTER FROM HIGH SCHOOL THAT I THOUGHT WAS KIND OF CUTE AND I LIKED SOMETHING THEY RETWEETED ON MY ANONYMOUS ACOUNT THAT HAD MY FIRST NAME AND PICTURE SHITUCK?,you're going to have to leave the country.
what is one thing you wish you could do when making videos that you can't do at that time?,"make more songs, or make a different type of video."
What skills are you looking for in an assistant?,any.
is there a meaning to life?,does it mean anything to you.
what made you want to become a musician?,music.
Can I be ur assistant?,sure.
how do you find a purpose in life?,"listen carefully, and it may find you."
i can't forget that girl but she hates me but also she can't change her mind but I can't help it and i see her everyday what do i do?,start a non-profit organization.
what do you think of names for musical notes like do re mi rather than letters like E C G?,"in america, do re mi is relative, it just means scale degrees, like nashville uses numbers. they work according to the key your in, so do is always the root of the key but not always the same letter note. i have heard that in some countries 'do' always means C. it is 2 completely different ways of using the system, and i'm not sure either way is more useful than using letters and numbers."
Where are the questions prior to may 2015? I sawould them before...-Bogg?,this site never included any questions asked before may 2015.
My topology teacher seems to be out of his mind When assigning homework. What would you recommend?,try to go out of your mind when you do the homework.
How to make good music?,"try to make it bad. if you fuck up that's ok, then it will be good."
"what is the chord playing at 8:39 in this score: https://www.youtube.com/watch?v=BMphxeFoJAc (G/Db, Db, G/Db ?)?","i'd say so. there's a swarmy climbing strings riff that is sort of erupting through the midst of that, but i think indeed those chords are used. those chords are a recurring theme in this movie (two major triads a tri-tone away, note the sprinkly piano riff that occurs throughout the movie)."
what should i do when people frown at me in the workplace?,buy the company and then sell it for more.
Did you know that alt+enter can makelinebreaks?question brought youbyentersending a question insteadof makinga line break?,
,
i performed in front of people for the first time and my legs were shaking violently the entire time. is there anything i can do to fix that or do i just have to perform until my legs stop shaking?,more performing is the only thing that will make you more comfortable performing.
Do you know which piano chords are in Do You Believe In Love by Huey Lewis & the News because I can't find them online but I want to play the piano part?,"verse B (walkin) .... D#min (lookin) .... E,  F#,  B .    repeat all that.  (quick E, F# right before the cho). CHO: is B, F#, E, F#. B, F#, E, B. B, F#, E, F#, and the last part of the cho is C#min, F#, C#min, F#.  another verse, another cho, sax solo over half a verse, bridge is E .....B .  or if you want to be specific about that B there ('photograph') you can play with the vocal harmonies and go E/B, then Bmaj9.  then E..... F#  (again if you want to be specific with the vocals on 'gonna last', that would be B/F#, F#. that's about it."
why do you follow people on twitter?,some people ask why i follow people on twitter. some people ask why i do not follow anyone on instagram. i am waiting to be informed of the proper number of people to follow such that i don't have to explain myself.
is anything?,yes.
Do you know how to cure grief? Just wondering?,build something new.
I'm certain you found much more than what was just put in the video. (For the sake of conciseness and whatnot)?,the main thing i learned was that i am never attempting a video that long again.
can you please upload the that's the way I like to live my life song please?,"it is uploaded. that song is actually part of a video, called hi, i'm steve. the song occurs twice in the video, with slightly different lyrics the second time."
what is the limit of imagination?,i don't think there is any limit.
why am i afraid of school assignments?,becaue they suck.
can i send you a resume?,sure.
"i do, they're fun and i like them a lot?",i agree.
"It's just, idk, ehat will happen?",everything.
Are you doing something?,yes.
bill may i ask you for the opinion of stars?,you will have to ask the stars for their own opinion.
http://www.billwurtz.com/reality/201102190135.mp4 do you feel like you have figured it out now? :)?,"yes. there are still infinite ways to put songs together, but i have a lot more experience now doing it in many different types of ways. later that year (actually within the following month) i really got down to business in writing 'the normal way' and got a lot of experience during that year. then the year after that i really started to merge all the normal and non-normal techniques."
"hey bill, i just had a really cool moment and i wanted to share with you: i was at the beach, the sun had just gone down and the sea looked like liquid metal and the sky was so red, i was standing with my feet in the water and the water was warm and everything just felt So Real and so Surreal at the same time :) i could really feel, being on a planet. i wanted to share that with you bye~ :)?","oh, nice."
do you think geometry is a sacred art?,art and geometry are both sacred.
"Like I don't get small talk. When I speak to people I want to get into the Deep and Important stuff, stop asking me how are you, it's the same answer everytime and you know this ??? How do you deal with small talk?",i try to avoid and ignore it.
what do you think about rabbits?,seems like a cool idea.
can you compose a song from beginning to end (written and recorded) with your ears covered in a way that you can't hear what you're playing at all? (as if you're deaf)?,"yes, i used to write most songs that way, usually in the library, with earplugs in."
how to read a book?,just look at it.
Do you have any qualifications in music / music theory?,"just listen to it, and see if you can make some qualifications, and theories! don't forget to enjoy yourself."
tips on destroying european beauty standards?,get popular with a different kind of beauty.
how do i make mygirlfriend feel special?,become an important an influential person in society.
N O T H I N GI SN O R M A L?,that's normal.
bill what should i buy? Any ideas?,happiness.
how to not feel anxious about everything and anything?,document your journey.
hey this is the oppisite of a question try something different by advertising a product but making it fun for yourself and a video that will get you money and wont annoy you?,it needs to be a product that i actually use.
can u put an asterisk in ur next video?,maybe.
what is your view on daylight saving times?,
don't answer this question?,it's not a question.
to the people who dislike the position of the button on the randy page- you can just refresh the page if moving your mouse to the button is too stressful for you. ctrl+R / command+R on mac?,"ah, nice."
Whay aren't you posting?,"i am, but i respect your opinion."
are you working on any big projects i love your history of videos but are you planning on doing stuff that's longer i love your content?,"it's important to remember that history of japan took 3 months, and history of the entire world took 11 months. anything significantly longer could take years. in the future i would prefer to keep things between 30 seconds and 4 minutes."
are there any dumb ideas>?,all ideas are dumb.
is college worth it?,scientists are still trying to figure that out.
can i answer questions for u please?,sure.
happy birthday?,
is there a snake in your next video?,i probably will not put one.
how do eclipses work?,"the moon and earth block the sun from each other, occasionally."
do we even need capital letters? i don't really see the point in having them?,i think they are useful.
opinions on brooklyn?,it's like a million page book. you'll never read the whole thing and there are probably huge chapters that you never even knew were there.
what do u think of humans?,seems like something that could really take off.
is hedonism a good idea?,i don't remember what hedonism is.
do u think im beautiful?,i can't see you from here.
can i listen to your songs?,sure.
are u a stripper that works at tthe strip club?,no.
or were you trying to ignore that?,yes.
"8.24.17 2:47 pm I'm surprised you think there is anything good about that song,?",i never express explicit opinions about songs (good/bad) precisely to prevent comments like yours. but i think if you read the question again more closely you will see that even in this case i never said anything about whether it is 'good.'.
it sounds like it was written by a band that just discovered how to use sus chords and wanted to show off their new-found knowledge?,"it was a goal oriented question, (perhaps from someone who, as you said, just discovered sus2 chords and wants to show off their newfound knowledge) and so i gave a goal oriented answer."
do you ever get emotional thinking about the universe?,oh hell yeah.
what the hell is a gamer?,"someone who plays games, i think."
how to dab?,&nbspthat; is something i should know but i unfortunately don't know.
do you think the universe is a hologram?,sure.
Your answer to this question is a lie?,"it's not a question, it's a lie, and my answer to it is true."
what is even happening?,"rearrangements, and transformations."
Is it ok to use hashtags on twitter?,i guess so.
im comfortable in dark blue?,nice.
know any hot celebrity gossip?,
What do I do when I come upon a conflict?,get into resolve mode.
is stuff a thing or are things stuff?,sure.
"8.24.17  5:51 pmin songs, i meant and how do you know which chords are right for the song?",you'll have to just try some and see.
how long is a word?,usually between 1 and 12 letters.
it's me?,oh hi.
"why did you remove some of the links from the reality section? like the book stacking video isn't linked anymore, and there was another one i remember was there but i can't find it anymore?","i get asked a lot why it's there and also on the expert page. i've also been asked a lot why it is not on the reality page. i actually don't remember making any change, but i wish one day someone would tell me which page(s) it should be on which would not require me to explain myself."
are monday videos coming back :(?,not if they make you frown.
can love be a hate crime?,it depends on how you write the propaganda.
Is it okay if i am from israel?,is it ok with you.
Are the things you say in your videos 100% real and legit?,making videos can be fun and interesting. i will let you decide if that is legit.
Dont you have anything better to do?,than what.
are there usually hidden meanings in your videos?,the meaning in all my videos is hey check out this video i made but it is not hidden.
do you like trees?,"yes, thank you for asking."
1.23.1711:22 am.But what if I want to sing your songs? Then lyrics would be really helpful?,try copying them onto a blank page.
What game are we playing?,the one where you try to survive and figure out why at the same time.
what is self care?,it's when you care about yourself.
do you believe in the return of Vishnu?,that's like the main thing vishnu does.
you don't use a capital letter. why?,PERHAPS YOU COULD ASK YOURSELF THAT.
Does this page ever inspire you?,oh hell yeah.
why do pillows exist?,for companionship.
like my green color could be your blue (but it's still green)?,i doubt that.
what social groups did you fit in with in high school?,none really.
do u like cats or dogs?,they're ok.
have you thought of writing a bot that will post your pre-written tweets daily?,"i already use one, but i did not write it. it has been around for many years."
Are you working on anything at the moment?,yes.
why don't you use dd.mm.yy?,"where i am from, it is most common to use (m)m.(d)d.yy."
What are you doing right now?,song writing.
What is the meaning of mean?,mean has many meanings.
what's wrong with me?,you are too interesting.
can you play the piano like a pro?,i am a pro.
you should smile more in your videos?,ok.
do you like beaches?,they are ok.
"what're you working on now, bill? :>?",i can't tell you.
is life?,yes.
"my analysis of hi I'm steve is that it's a video, put on the internet for someone to enjoy! maybe even multiple someones?","ah, there is someone using his/her thinking cap."
are the tuesday songs gonna come back? :c?,yes.
do you think that we don't see life in the universe because we can't perceive it? like ants on the side of a highway?,"i'm not sure what you mean. i see life in the universe, and also perceive it. also i am it."
can you post the chart to goo soup (assuming there is at least one written chart)? i want to know how the bar with maybe i could write you a letter was written?,ok it's posted.
why don't you upload more?,in order to upload i need to have finished content to upload (unless i upload someone else's content) i hope that makes sense.
today is today?,"ah, i see what you mean."
i can't believe you made hotewig two years ago?,it was 1 year ago but i respect your opinion.
do yoyu respect women and man or jsut woman?,whether i respect someone is not usually affected by whether they are a man or woman.
How do i butter toast?,try a way no one else has tried before.
correct me if i'm wrong but i think the meaning of hi i'm steve is that you made a video for people to enjoy?,"ah, that's correct."
"everytime i see it's writing thabk you instead of thank you disturbs me a lot, i mean i wanna fix it but I CAN'T?","if you think that's disturbing, you should see what's going on in syria."
are you a nazi?,i will check.
isn't it neat how science allows us to predict the future?,yes.
how do u get motivate?,for what.
Is light a wave or a particle?,maybe.
holy shit i forgot you also made hotewig?,me too.
do you ever feel like things have so much meaning that you could just explode?,oh hell yeah.
why is your name bill why can't it be jeff?,maybe it can.
is it ok to be gay?,i will check with the rules and regulations.
"Hey Bill, regarding the 8.19.171:53 am question about reading sheet music. I am not the guy/gal who asked this question. But I would like to know what step 2 is (I have some staff paper). I know how to read sheet music (I know the notes that correspond to the lines/spaces of the treble and bass clef), and I know how to read rhythmic notation... But I have a hard time actually just sight reading and playing a piece fluently without having to take a second to figure out each note/rhythm pattern. (Maybe i'm skipping a couple of steps in your step-by-step system)?","just go to the store and get a book of songs and start practicing. read just the melodies if you want. do it with a metronome. set it slow enough so that you can do it. maybe even be aware of you handicap compared to the original tempo, for example maybe 75% is reasonable. so if the song is marked 100bpm, set your metronome to 75. or maybe even 50 if you need to. and practice looking ahead. that's the key to the game."
"i always thought F#sus was a more common way to mean E/F# ,?","that would technically be F#9sus4. or F#7sus4, 9. and specifically no5. but as you can see it is much easier to just say E/F#."
"been in situations that F#, B, C# was written as F#sus2?","no that's Bsus2. or F#sus4. .... F#sus2 would be F#, G#, C#. if it's written without the number 2 or 4 it means 4."
is everything a particle?,i'm not sure.
what is your favorite way to tell people you don't like questions about favorites?,i still have not found a way i am satisfied with.
Uur splling iz tearible?,"i think it's fine, but i respect your opinion."
Is Istanbul and Constantinople the same place?,"yes. istanbul is the new, turkish name. constaninople is the old, roman name."
do you have a fetish? mine is time and space?,oh nice. that's mine too.
could you explain the process in making the song i don't wanna go to school. i find it very interesting and would like to hear why and how you made some decisions for that song?,i've already explained.
I think they are a match made in heaven?,
is the meaning of life really 42?,"yes, and all the other numbers. and also everything else that's not numbers."
is the moon flat?,it depends how you look at it.
Why do my articles never get published?,.
Why are some sentances colored and underlined as green?? U BETTER NOT DO THAT TO THIS BILL OR ILL SMACK UR BOOTY?,.
are all people interesting?,yes.
koalas arent actually bears?,"ah, thanks for the update."
what is your weakness?,being strong.
why is the color orange named after the fruit?,because that's what color it is.
what are the 3 latest entries you added to reality?,"i added 9 at the same time, last sunday, which are all within the top 10 of the page. 4.26 was already there."
pls make website easier to use and more pretty?,"i made it exactly the way i like it, and i continue to be excited daily about the way that i made it. what may be exciting for you would be to leave."
"there more i listen to your music, the more im convinced that the you you keep throwing out is some ex girlfriend. im just getting bad breakup vibes. am i offbase?",yes.
or is there some truth in there?,no.
How do you operate a computer?,use a gentle but firm touch.
"thanks for the help earlier! i'm the one learning the peter gabriel song Here Comes the Flood. (i'm not asking about theory btw hahahaha, please don't move to space, we like having you here.) what i'm trying to learn is the full, accurate piano part in the original key, from the Shaking The Tree version. i don't think i communicated my questions very well though, or at all, so i'll try again.i have experience in percussion, but also some guitar and mandolin, learning with tabs and by ear - i'm the one that thinks strings sound soapy. but i can JUST BARELY read music at all. i am teaching myself piano, and how to read music. right now my ears are ahead of my fingers and feet, which are all MILES ahead of what i can actually read. there's a lot of music language that i've been exposed to but don't really understand yet. i want to learn this stuff so i can play and communicate with others better, and to be able to write down things i make  up.my strategy is: A) have fun learning songs that i like as accurately as i can, by ear. B) learn to read using beginner music books and get frustrated because i can only read things like hot cross buns so far. (maybe a tad more advanced than that.) it was fairly equal a month ago but now i spend 95% of the time i play on A and 5% on B. so, i haven't progressed on reading much. that's problem 1.problem 2 is: i think i have a pretty good ear. BUT i sometimes hit a limit: when it gets to be 5 or 6 or more keys pressed at the same time, it all starts to sound like One Big Thing and i have trouble distinguishing the notes, especially low ones. (keep in mind that i can't NAME the notes/chords from hearing them, i can just copy what i hear after hunting around a bit.) i know some musicians are able to identify notes in big chords really easily and accurately, and it seems almost like they were just born with that ability, which is kind of scary,?","i think if you keep using a pause and hunt strategy, (make sure you are using a local copy of the file, not streaming. if it's streaming like on youtube or something you're never gonna be able to unpause-pause as quickly as you need to) if you keep using the pause and hunt strategy for more and more songs, you will learn more and more and there will be less and less things that confuse you, and less and less things that fall outside your familiar classification system. if there are any chords or notes you are wondering about, i will be able to tell you if you show me where you heard it."
"thanks, x?",
Opinion on Asian people-Bogg?,"they are sometimes from asia, although i am not totally sure."
isn't math fun?,yes.
is pop culture bad?,all culture is bad.
"if your name wasn't bill, what other name would it be?",are saying you made up a situation and now you are too lazy to finish it.
What do you do when you are scared of something intangible?,grow stronger in an intangible way.
"Hi Bill, whats the name of your friend that apeare in some of your videos? Love his acurate air drumming?",that is me.
why is there gender?,to keep things interesting.
do you like phones?,yes.
can you tell me a joke?,the bad guys think the good guys are actually the bad guys.
"Can you do a history of the United States video so I can use that to pass the AP test? (Seriously, your video helped me get a five on the AP world history test)?",those history videos take at least between 3 and 11 months to make. i will try to have it done before your test.
name 3 good things about me?,who is this.
BIll i have no frends what i need to do?,be exactly who you want to be.
do you know about css margins and text-indents? i think it could help cut down on relying on nbsp all the time?,that doesn't seem necessary.
Are the blurred out bits on that list in your reality videos?,there are many different lists shown in reality videos.
can you explain the symbolism of the cats discussingrestructuring the fabric of the known universe in the music video for i wanna be a movie star?,"sure. i had that sign with the lyric on it everyone wants more than just a friend and also no zoom/twist, and i was concerned that it was a weak spot in the video, so i needed to put something there. the line is kind of corny/mushy -- not necessarily a bad thing, but i just needed to add something visually to spice it up. and i couldn't really think of anything that would exactly represent the line, becaues the line itself is sort of ambiguous more than just a friend could mean different things. so there was no obvious choice for what to put visually to match that. so i was willing to think abstractly, and wanted to do something crazy to distract from it being a dull moment, as i said. a cat seemed nice. and then i just decided to put them all circling the screen because i thought that would be an interesting effect. then i thought of putting a thought bubble and then i thought of something to put in it. overall i think it was a good solution, and that moment is now much more interesting than it was without the cats. to prove it, i cite the fact that you are interested."
are you ever going to add anything more to improv or is that page basically 'complete' for you?,"it's barely started. the project was cut way short. i built the entire reality/improv sections during feb-may, 2016 (right after the release of history of japan) and the whole project just dragged on and on for so long, and i was 3 months into it and no 'real' videos had come out on the main channel(s) so i was desperate to get out of the project as soon as possible. i barely even got started on the improv page."
are you a cute hentai girl?,i will check.
do you know the history of the world?,actually now i kind of do.
DO U LIKE BLAZING HOT SPICY AIR UP YOUR NOSE?,not really.
do you have to got to know what's going on?,that would be nice.
are you braindead?,i'm not sure.
Do you think white or black should be considered as color?,in some ways.
"Given the state of the human race, do you consider yourself a cynical person?","i don't really know what 'cynical' means, but i have heard bad things about it."
Do you think you're ever going to make some sort of podcast? I know you probably won't but it'd be really fun to have you do a podcast of some sort?,i'm not exactly sure on what counts as a podcast and what does not. but if i do something that counts as a podcast (or perhaps i even already have) i don't think i would prefer to call it a podcast. the word podcast has always confused me.
I just realized that typing without capitals or proper punctuation is wayyyyyy faster than writing with it?,"ah, that's true."
"do you ever just need to get something/an idea out, but it goes away before you can write/type/record it?? it's frustrating?",i have gotten very good at catching ideas when they arrive. i have some solid techniques in place.
what is your opinions on hyphens? for example 're-sort' vs. 'resort' or 'factory-produced' vs. 'factory produced'?,they can be useful.
is alphabet shuffle supposed to be a sequel to abcdefghijk?,no.
are you a cute anime girl?,i will check.
Also is it OK if I ask the same question multiple times or would that annoy you? (Second time asking)?,
everyone my age is boring what do i do?,"be boring too. or, for a twist, be non-boring."
Where can you find true art?,anywhere.
im on acid right now and i dont think you will answer the question?,what question.
when reading your notebooks page should i read through it like a long book (pretty quick but getting the important details) or really look what each word is doing like if im reading a poem for school. I thought you were the best to ask this to?,
How does one figure out the time signature of a song? I know what time signatures are but I have no idea how to figure them out in songs that are more than just like one instrument (so most songs)?,"step 1 is, find the beat. so as the music is going, see where you would tap your foot or nod your head, or wave your conducting wand. in most songs, this is pretty easy to find. of course you could always make crazy songs where you can't find it, but in Most songs you can find it. however, in most songs you can also do it twice as slow (or half as fast) if you want. in some songs, it is at just a certain tempo that you're almost not sure whether to tap the beat at one speed or twice as fast. this is ok, any piece of music can be written in multiple ways, you could set the tempo twice as fast and write all the notes as half the values and it would mean the same thing. but in most songs, it is reasonably clear where the foot-tap is. and i will go a step further to say that most music usually has these beats grouped together in groups of 2, 4, 8, etc. the way most music is written on paper is in groups of 4 beats, with bar lines dividing the bars (or 'measures'). most music uses 4 beats per bar. that being said it is really up to you to decide where the begining of the bars should be. but i think in most music there is a clear answer. to learn how to detect other time signatures besides 4/4, just start finding examples of them and then you will get better at hearing them. but when songs use 3-based time signatures, it can often be represented in multiple ways, many of which actually still heavily involve 4s. 2s, 3s, and 4s, are used all the time in music. it is very rare that music consistently uses a 5 or 7 pattern all the way through. usually when time signatures like 5 or 7 happen, it tends to be only once, and then goes back to 4. it is quite common for songs to need to add an extra beat or half a beat here and there, particularly at the end of the chorus or at the end of a section. this is accomplished by having 1 bar that is a different time signature. it is much more rare to have a song that entirely is based on a 5 pattern or a 7 pattern or another higher odd number. i'm not sure if that answers your question actually, but i think my most important point is that most music is in groups of 2, 4, and 8. and the way that is most commonly written on paper is with 4 beats per bar, and the time signature is called 4/4 (actually the first number is written above the second number but that's not easy to type here) the top or first number represents how many beats per bar. the bottom (or second) number is supposed to tell you what kind of a note gets the beat. so 4/4 should technically mean there are 4 beats in a bar and a 'quarter' note gets 1 beat. i realize there are holes in this system and many time signatures really can't be analyzed quite this way but that is the way the idea is supposed to work."
did you make the history of the entire world video bc people were asking you to make videos about other countries historys after you made the japan history video?,no.
why am i depressed?,because everything is too normal.
how do i become art?,you surely already are.
why is the ask box on the random question page too?,"in case you want to ask a question, when reading the questions."
"hi bill, big fan. tomorrow im starting my senior year of highschool and i got the jitters. can you give me some advice for getting past this anxiety?",wear a type of clothing that no one else has ever worn before in the history of the earth.
"Hey Bill, I've been playing guitar for a while and I've been improvising over songs by finding the key it's in and playing notes from the pentatonic scale over it. I know you're a big proponent of not doing that, so I was wondering, what would you suggest I could do instead or as a next step to improve my playing/improvising? Thanks my man?",try to do something that would make you the star of the show.
also did you employ a similar documentation procedure for hoj?,yes.
why do you use capital letters?,to help express myself.
"if compound time signatures have a multiple of three at the top,?",actually they usually don't. but the top number tends to be an odd number.
how come 3/8 isn't compound\/\?,it's not really big enough to split. that would be like splitting a grape to share with a friend.
Do people still give you a hard time about not posting videos?,"yes, which is ironic, because all i do is make stuff and post it."
What do you think about trees?,i think they are doing a great job.
would u ever release the memos for the songs you've written since you stopped writing songs on paper?,yes. i think it would be nice to put together behind-the-scenes videos for songs and videos.
i feel like you mentioned wanting to do that in either the notebook or reality. that would be cool?,
what were you doing a year ago (11 August 2016)?,"working on the writing and research for history of the entire world, i guess."
what was the point in the do you ever have sex? line in movie star? it seemed out of place?,to keep it interesting.
Is this kind of question asked frequently enough that it gets a green link?,
Sorry if this was asked before?,
why are you not answering my very serious waluigi questions? waaaaaaaaaaaah?,"i did answer them, but i respect your opinion."
"rate waluigi. review him, give him a score out of 10. break your rules for waluigi. say he's your favorite. people will go fucking bananas. i wanna start some shit?",0.
did you sample waluigi's voice in the song movie star? i think i heard it in there?,not unless you play it backwards.
do you think waluigi has pointed feet or just wears pointed shoes for the hell of it. this kind of thing is usually a no brainer but this is waluigi we're talking about?,his feet are shoes.
how inspired are you by waluigi?,not at all.
how influenced are you by waluigi?,not at all.
whens the waluigi?,i accidentally put the schedule through the paper shredder.
is there a waluigi?,i'm not sure.
why are you so obsessed with waluigi?,i am not but i respect your opinion.
whats the appeal of waluigi to you?,nothing.
is waluigi important to you?,no.
do you ever think waluigi?,no.
is there any hidden waluigi in your music?,i will check.
how do i make music?,"freely, with a sense of adventure, and mischief."
also how do i make waluigi?,think of a great idea for a character and then get amnesia.
are there any particular waluigi quotes you like?,"oh shit we need another character, let's see if the janitor has any ideas."
are you an expert in waluigi?,no.
how might one become an expert in waluigi?,study abroad.
is waluigi the type of thing youre into?,not per se.
might i recommend the waluigi?,that sounds wonderful.
care for a waluigi?,not at this time.
how do you like your waluigi?,i do not.
how much of your year is spent thinking about waluigi?,about 0%.
are you ever going to make history of waluigi?,no.
whos your favorite waluigi?,"there is only one, although next year nintendo is coming out with 12 new characters which will be additional combinations of mario, wario, and luigi."
are you familiar with waluigi?,a little bit.
how intrigued are you by waluigi?,not very much.
are you pro or anti waluigi?,i don't think i'm legally allowed to say.
tell me a little about waluigi?,i have already said way too much.
could i get your opinion on waluigi?,not right now.
thoughts on waluigi?,not at this time.
how fascinated are you by waluigi?,not very.
how interested are you in waluigi?,not very.
would the bill wurtz band ideally have every single instrument because theyre all good because everything's good because everything's bad?,i think that would be too many instruments for one band.
what are you sure of?,i can't tell you.
i just wanna get shit DONE?,i know what you mean.
i am pie?,hi.
how to eat ricecake?,try a way that no one has tried before.
Do you think?,yes.
"how often do you get questions,?",every moment.
how do we know this is a real user-submitted questions page and not (filter research) just you writing enjoyable questions for you to answer yourself?,
"advice, on what to do on the first day of school once i locate and enter the establishment? i think i already have down the basics like finding classes and learning stuff?",wear a type of clothing that no one else has ever worn before in the history of the earth.
wait are you actually from cuba? or of cuban heritage? or are you a cube?,"no, i am mark."
what is your favourite type of ceiling?,floor.
What is something that makes you happy?,all the possibilities.
what is this?,the questions page.
die?,wait hold on i have more stuff to do.
"What's your vocal range? I go from Eb2 to D4, falsetto to maybe E5?","as far as i know, there is no system of octave numbering that is univerally agreed upon. so i don't actually know for sure which notes you mean."
i was looking through the code and it is badly written(but works). just a question?,and an insult.
And if something is nothing?,nothing is nothing.
Why is the english language so weird?,"because it is a combination of many different languages and dialects. i think actually most languages are born this way, and most languages are in that sense 'weird' which is normal."
"Like how a Normal C major chord differs from those chords where you play C, F, A?",.
Thank you so much for the help! I'm having lots of fun reading the answers you give people on tips to play?,
When are you going to add subtitles to your videos?,"i would prefer to re-edit the entire video. there are words all over the screen in most of my videos, so it would be important to re-do the visual and the audio entirely."
"hey, bill, i dont even know how to properly write in english, or even speak, to be honest, but i'm really afraid i'll never succed at doing art related stuff, its something that its always on the back of my mind keeping me from doing more stuff?",everyone who has ever succeeded has had moments like that. and they moved forward anyway. just because there is dirt and mud everywhere doesn't mean you can't drive right through it on your dirt/mud bike.
"I dont understand how people identify time signatures in almost all music (pop, rock, jazz, etc, etc). I play classical music,?",i think it's the same.
"I have the opportunity to submit a name for a new elementary school, what would you name it?","i would have to be familiar with the school, as well as its properties, and charicteristics."
"i really need you to get in touch with me, please answer my mail?",.
"i sent you a mail, please check, i need an answer even if it's negative?",which one was yours.
however i do know that you live there?,are you sure.
is there anything you don't like?,disliking stuff.
why are mailboxes blue?,why wouldn't they be.
how has the passage of time influenced you?,it allows me to move and change.
and did you figure out where it goes?,"the time is not what goes places. it's everything that goes places, and the time allows it to."
You don't like Roman numerals(8.7.176:42 pm)?,.
":0 woah. What do you call a I,IV,V?","1, 4, 5 (by the way this is off the subject but if you are talking about a 4 bar chord sequence, in my opinion you really need to list all 4 bars, indicating which chord is doubled. such as 1, 1, 4, 5 or 1, 4, 5, 5. there is a huge difference depending on the timing, and if no timing is otherwise listed, just simply saying 1, 4, 5 (or I,IV,V) leaves me feeling still 100% left out of what is actually going on, with a 95% suspicion that it is actually referring to one of the two aforementioned 4-bar sequences, and being completely unable to determine which)."
what is the difference between person and human?,i think person means whatever you are. human is just what you happen to be.
all your asnwers are only one sentence long! Why_?,"they are not, but i respect your opinion."
"a professor told me a 7/13 voiced 7 1 2 3 6 was a cluster, cause of the tone to tone intervals. But it doesn't sound clustery to me?",i suppose the famous proverb applies here: one person's cluster is another person's non-cluster.
chords where I can use the whole tone scale (besides #11 and b13 chords?)?,a whole tone scale will generally work best over chords that only contain notes from that whole tone scale.
something to do with the teachers/teaching methods?,i am self taught.
do you think that rock music sounds powerful cause of the paralel fifths and octaves in power chords? Oh only now i see the irony of my question?,rock music' could mean a hundred million different things. i think it could mean even more things than there are songs to represent all those thing.
"Bill, i get that everything has its unique qualities and flaws, but don't you think some things have more unique qualities than others? (quality being something completely personal and intimate)?",i think everything surely has infinite qualities. a 'quality' sounds like something only a human could be in the mood to see.
ive noticed a big difference between the Cs. they all sound the same but some are higher the same and some are lower the same. you can even play them at the same time and they cooperate very well. next step please?,"go to the middle of the keyboard. take every white note from C to the next C. so that should be 8 notes (c, d, e, f, g, a, b, c). Now, see what songs you can play! just using those notes. hint: start with like popular kids songs."
"Do you set aside a block of time to work each day (ex. 9am-5pm) since this is like your job? or, since it involves a lot of creativity (which doesn't adhere to a specific timeframe) do you find yourself jumping up with inspiration and going to work right away in lots of random bursts so as to not forget something that could end up being pretty cool? sorry for my english?","there is more work to be done than could ever be done. therefore, i work as much as possible."
whenever anyone posts one of your videos on reddit and the topic gets to donating to you there's always someone that says that you sent their paypal money back. why would this be?,"i don't know. i've talked to customer support, and they said they can't look into it unless i know the email/info of the person it happened to. i've tried to contact some of those people on youtube but i have never heard from anyone directly with this problem. so i can't prove to customer support that it's happening. i think it mainly happens on international currencies, but i'm not sure."
what is a bandicoot?,i have no idea.
do you still have a bad car?,it's worse.
how are computers random. it doesn't make any sense. they run programs that always do a thing in the same way every time but sometimes the object is to not do the same thing every time?,"i think the most basic way is to some how derive it from the time asked. for example if you put the smallest possible unit of time into mod10, and then spit out the digit (0-9) corresponding to the exact moment you requested something random, then i think that's pretty random. you really never manipulate it, unless you used another computer."
a while ago i think you said that you didn't think you had a video on your channel called africa?,i never said that.
are you gonna go to mars?,not until there is more stuff there.
do you have a youtube channel?,yes.
why are doors so important?,because they allow you to walk through walls.
how long does it take to make videos such as your music videos?,which one.
How to believe in North Korea's religion?,step one is you have to like that one guy.
I AM A STEGOSAURUS?,i know what you mean.
"If you call here a question a ueqstion,?",which i do not.
"what is the true meaning of the hi, I'm steve song? (THE 2 SONGS)?","the meaning of both songs is that putting music in a video can be nice. a hidden meaning is that music in videos is actually SO powerful that it makes the audience become attached to whatever music in the video, and demand a 'full verion' of it, regardless of how much better (and/or 'full') music i have already done without videos."
describe yourself in one word?,ok.
Do you ever just uuuggghhhhhhhhhhhhhhh?,sometimes.
i want to study opera what di you thunk?,seems legit.
will there ever be anything added to reality again? asking for a friend?,yes.
"i just. i love it when picked or plucked strings sound SOAPY. you can hear it on a bright acoustic guitar but... even more on a banjo or mandolin. there's something about the satisfying, slippery but solid texture of that sound that makes me think of soap. even dragging a pick across a string sounds like what it feels like to run your fingernail over a bar of soap. all the little stops and starts. mmmm. yummy right?","oh damn, you are special."
What the hell i'm supposed to do here ? I'm confused and that make me sad?,"read questions, ask a question, etc. that sort of thing."
do you like to surf? by surfing i mean like riding the waves of thoughts and emotions?,oh hell yeah.
"let me amend what i was worried about with the whole individuals thing. to be an individual i think is SUPER IMPORTANT AND MEANINGFUL!!!! but most of life's positions and jobs and stations are devoid of any respect for individuality. people are treated as assets, machines. i think most people just loan out their time in life as Unique people in order to have money, for living. that's AWFUL. i want to do so much, i dont want to be a machine. but am i really so different from most people? why do i deserve to escape the fate most are consigned to?","this particular world has a competitive nature to it. i don't really know why it is that way, but it is. everyone is unique. but you need to fight for your uniqueness. and also try being even more unique, and fighting even harder."
"what are your thoughts on bass guitar as an instrument, what it should contribute to a song etc?","you'll just have to try it with and without, and see for yourself."
how do i make lentils interesting?,you will have to think outside the bean.
Whats your favorite angle ? Mines 76 degrees?,"it depends what direction i am going, and what direction i'm trying to go. and specifically, the difference."
what should I do if I'm depressed all the time and everything seems to be hopeless?,.
"please do a video of got to know whats going on next!! i know, an entirely new piece would be great too and everyone would enjoy the shit out of it. i just really feel like that song needs a video. no, it deserves a video. im scared that if you do the new thing, theres not gonna be a video.im only writing this because you seem unsure of your next step. it probably won't matter in the end?","at this point, i have fully re-realized the importance of doing videos for songs. this is clearly illustrated in the fact that everyone thinks that movie star is a brand new song, everyone wants longer versions of the steve songs, and hardly anyone has heard of 'got to know what's going on.' most people never heard of movie star before the video. it is common knowledge that videos are vitally important for song publicity, and i have known this for a long time, but earlier this year i was hooked on the idea that i could do them without videos, for a simple reason which is that i can do songs about 4 times faster if i skip the video. this is a tempting strategy, but as i said i'm currently back in the viewpoint that videos are needed. what i'm trying to say is, i highly doubt that my next project will be a videoless song. it might be a new song together with a video, or it might be something completely different."
if two witches were watching two watches which witch would watch which watch?,each which would watch one watch. then they should switch.
is nine nine or is nine ten?,i will check.
what do you think of this chord progression:Eb Bb Db Ab Bmaj7?,"in order for that to have any meaning, you will need to specify the timing-- how long each of the chords last. then, you really need to specify specifically how they are voiced, which notes you used in which octave. you didn't even tell me whether it loops. that's 5 chords, so unless it's a weird time signature there must be some that are a different length. unless it does not loop in which case again you need to specify the timing. then still, you need to specify how it's played rhythmically and what kind of tone. and all that still means nothing if i don't know what the melody is, and even still, the over all effect can still be influenced by what the lyrics are. even still, with all that information written down on paper, there are still worlds of sonic factors that can give it a vastly different sounding result, even after nailing down the full notation, tempo, melody, and lyric. that being said, i think it's fine. everything is fine."
do you remember the thrill of the first time you heard/noticed a specific interval in a song? (like for instance i remember when i was little and first noticed that 7th and 9th in a final chord of a blues song)?,"i remember at a young age figuring out if youre in the key of C and youre about go to F, sneak a Bb note into the mix (in other words play C7) right before you go. it will get everyone in the room ready and eager for the trip."
why did you stop making notes at 12.17.16?,"that's not when i stopped, but why haven't you made any."
how many numbers are in the number 1000?,it depends how you look at it.
how many of the questions people ask here do you actually answer?,you wanna check.
is learning things fun?,oh hell yeah.
"If we could somehow quantify the act of being reasonable,?",which i think is completely impossible.
"I.e. if you're being completely unreasonable, you're operating at 0 Wurtz, but if you're super reasonable, that's maybe 6 Wurtz. I estimate you are at a level of about 7.9 Wurtz so I doubt we can go higher. Also it's logarithm like the Richter scale so every increment of 1 Wurtz is 10 times more reasonable than the last Wurtz (e.g. 5 Wurtz is 100 times more reasonable than 3 Wurtz)?",
"what is the true meaning of the hi, I'm steve song?",there are 2 songs in that video.
how do you overcome mediocrity?,try rotating it.
"When im in the random question page (accessed by the im feeling lucky button), there's a new random question button, but refreshing the page does the same thing. Why add a button instead of just writing somethinf like refresh for a new random question or, in bill wurtz style, ive added a button to your keyboard that serves you a new random question. Ive named it F5. Click it for a new random question?","i think your solution is nice, but much much too complicated."
"if so, what do you do againts cloudy mind?(my mind just got unclouded, today. but i dont know how i did it)?","sometimes you have to just try every type of thing, and it still doesn't work, for years and years. until one day you get so desperate that you just pull the fire alarm or something, kind of like."
"bill, are you there?",where.
"when you inevitably perform in california live will you replace one of the states (west virginia, minnesota, colorado, etc) with the name of the state you're in or do you find that too kitschy?",i've never thought about it. i would do it if the state has 3 syllables. that would be a nice challenge to try to find a way to say each location in a way that fits rhythmically.
"you often give advice to wannabee musicians to just play around, use notes and combine them in different ways and it comes across as thats how you got to where you are. But it's obvious from this page that your actual music knowledge is vast and that you didnt stick to messing around and actually took some serious time to study music and music history, get acquainted with various styles including classical and jazz and also you even revealed that you actually had some formal tutoring/training as well (7.13.17 11:58 am). Isn't it a little disingenious to just say to people to mess around with music when there's so much more to music than that? Sorry if it sounds like an accusatory question, i dont mean anything bad by it. Just feel like youre underselling how much work one has to put in to be bill wurtz or jay z or bono or whoever?","over and over and over again, people talk about learning music like it's something that someone else has to give to you, or like it's something that someone else can just make you do. that's just not how it worked for me. sure, there is a lot of language for music, like knowing the note names, even knowing what the common industry names are for chords. but that information is all out there readily available ESPECIALLY now with the internet. the only way any of that information is going to make sense is if you actually try it out. and when you are ready to learn what things are called, i think you will find that the information will be readily available. i will also readily provide that information as well. like for example, if anyone asks me what any note is called, or if anyone says is there a special name for when you play C, Eb, and G at the same time, i will readily and gladly say that's a C minor chord. but if someone asks 'how to use theory to get music to sound good', i will explain again and again and again that the way to do this, and the way to learn how to do it, is by using your own experience, your own mind, your own hands, and your own ears, otherwise you're just not going to get the good stuff. i will keep trying to explain this to people until the apocolypse, maybe even after that."
i feel like the 'ask' button should have a cool color scheme like the randy button. please do it mr. wurtz?,i prefer to keep it simple. please don't call me mr. wurtz.
describe yourself in three words?,doesn't describe self.
bill can i call you bill?,sure.
bill do you hate jews or do you love them?,what i think about a person is not affected by whether or not they are jewish.
do you like making the medium size songs and projects or do you prefer the shorter or longer ones. you're one of my inspirations?,"i'd like to make a wide range of sizes and types of items. this means i have to a lot of catching up in the medium range, because that is the range that i feel i have done the least."
"bill, i have a trick which will get you nice results!! take a background with a pattern, reverse it and put the reversed one on a different layer. change the opacity of the reversed layer to 50% and merge the 2 layers?","i already do that, but i usually prefer to do other things as well, such as change the size, angle, color, and also make them move. and use a slightly different composite algorhythm than simple opacity."
What if you are the main character of the universe?,i think every one is. and it means it's gonna be a great story.
hello what would you say is the difference in tone and your feelings when you say fuck no versus absolutely not thans?,it seems about the same.
why are you always so concerned about how you came to be?,i think i am concerned about it a medium amount of the time. but i respect your opinion.
what do i do if i love the color yellow?,"use it, and seek it out."
"how long did it take you to compose movie star? great song btw, i loved the unorthodox time signature?","the song was written and recorded in 1 week, with the writing probably taking the first 2-3 days. this does not include the chorus, which was written on a vine writing session in december 2015."
alien crickets eh? How did you make that sound? Or what are you trying to accomplish with it? Reminds me of a high organ with the leslie on fast or something?,you might be able to convince me to explain it to you if you are persistant although i don't think i can talk about it here. although 'what was i trying to accomplish' is an easy question. i was trying to make sounds to use in songs.
if oranges are orange why arnt lemons called yellows?,the color orange was named after the orange fruit. the orange fruit was not named after the color.
do you wish you could go back in time sometimes?,sure but that is actually too complicated to even wish for.
woah. music?,i know what you mean.
how many people watched your stuff before history of japan?,maybe about a million.
if not what is your physchology thx x?,i use my mind to learn things and express myself. i'm not sure if that answers your question.
How to like oneself? Thanks?,try to be how you like.
"How often do you answer multiple choice questions on this pagein the proper way (by actually selecting a letter response without giving any explination..the way somebody would when taking a multiple choice test at school)? A)always B)sometimes C)rarely D)never...please select A,B,C, or D?",
why is the random question text in all caps? you say you only use upper case letters when you find them useful. but how is having the random question text in all upper case useful? anyway just a thought :)?,"i think it is normal for buttons to be in caps. such as ON, OFF, VAPOURIZE, etc."
why were there so many snakes in your movie star video?,it's actually all the same snake.
can you please explain what graphics free title graphics are? you keep saying it but I'm not sure i understand what it is?,"it's like you want to make a title for a page, but instead of using any pictures or graphics, you have to just use text. you can use any technique you want, such as different colors, or even rearranging the letters, to make it more interesting while still not using any actual pictures."
"In your video 'history of the entire world, i guess' is the final segment alluding to the influence of the gladio operation,?",i have never heard of that.
are you serious?,oh hell yeah.
why do people always think your songs have super depressing meanings behind them?,depression is trending.
does a personal sense of cynicism play any role in your daily life? your work strikes me as generally pure of that?,"i actually don't really know what cynicism is, but i have heard bad things about it."
Are your instrumentals in the creative commons?,no.
Okay you should automate all this or that and this or that? questions next. Or let one of your programmer fans do it for you?,"it already is. i am adding items to the list over time. but i don't think 'this' or 'that' will be added, because when it is said that way it's not really the same."
why there is a whole section of questions about potatoes?,i think the real question is why do i get so many questions about potatoes.
what do you look like?,i will check.
why is the q green?,.
"speaking of, what is the difference between 4/4 8/8 16/16 2/2 or anything else like that?","those are all mathematically the same (like the bars will look the same on paper) but usually the second number says what kind of note gets the beat. so like, in 4/4, the quarter note is where the beat is. in 2/2 (also nicknamed cut time) the bars look exactly the same, but the half note gets the beat (you tap your foot on the half note intead of the quarter note.) the main difference would really be the tempo -- cut time (2/2) is designed for the bars to basically go twice as fast. and when you see a tempo marking on the top of the page, it will say half note = xxx b.p.m instead of quarter note = xxx b.p.m. so in cut time (2/2) the bars will usually go by twice as fast. what the point of this is exactly, i'm not sure. i think cut time was used much more 100 years ago. perhaps people were too lazy to write 16th notes and preferred to use 8th notes for the fast stuff instead. i'm not sure. 8/8 and 16/16 are really never used. time signatures ending in 8 also don't necessarily follow this rule of what note gets the beat, for example sometimes 7/8 is used when in reality the quarter note should get the beat, and the actual time signature would be 3 and a half/4 but no one says that for insanity reasons. also 6/8 is very very commonly counted as the dotted quarter note getting the beat, in which case the actual time signature would technically be 2/2.66666 which again would be completely insane to see written on the page."
akdjdisjejrhdbdbAKDKFJEJSOSJDBRBRHDHS?,i know what i mean.
what is the best ice cream flavor?,i have not ranked them.
what even is a movie star?,i'm not sure.
why don't we pronounce the word 'password' as 'pas-sword'?,i pronounce it the way i pronounce it because it is the way i have heard everyone else pronounce it. i am not sure why you pronounce it the way you pronounce it.
"Why do you answer an average of 49 questions everyday? (21,956 total)?",.
"I don't feel like I'm popular enough for my friends, how do I stop this?",invent some breakthroughs for the greater good of humanity as a whole.
how do I feel if I didn't get invited to a party?,"i don't know, how do you feel."
"Do you plan on making videos for any of your other new songs? (In californa, etc)?","i really really want to, although it is more likely that my next music video will be for a new song released at the same time as the video."
what do you think of the current governmental system?,seems legit.
do you enjoy living?,oh hell yeah.
can u help me fight the moon?,no.
is social mediaa waste of time?,if you want it to be.
why do your videos feel like I'm on drugs?,perhaps you are.
would you release an album? i'd buy 4 copies. thanks?,"i am selling my songs in many places. some of those places even have it grouped together as albums. you can buy them, unless you are only teasing me, in which case that is not nice."
I refuse to ask a question?,that's ok.
Give me a senior quote and Ill put it in the yearbook?,i hope you are enjoying this year book.
i miss 2014 bill with your weird dumb shit can i have 2014 bill back please?,a lot of people think what i do is still weird and dumb.
under what circumstances do you think cooking an egg would be morally unacceptable?,if the person who laid the egg is deciding what the morals are.
ws4ijuhygt6frgyhujhgfrtghungbvfrtvghujngvtfgybhnjbgvfbhjgvfthjngvfbhjgvfc?,i know what you mean.
"bon jovi and hey hey hey i'm kind of in a weird position where i don't know what what to do in life/don't want to go to college because i'm not really passionate about a SPECIFIC field. i paint, play the piano/cello, write, code, read and do a bunch of other crap but i honestly have no desire to go to art school, music school, or be a tech major etc. i like a lil bit of everything and honestly i'm totally fine working for the man without a degree for the rest of my life. ik how to save money and i'm planning to book it to australia asap and though that's EXTREMELY irrational and dumb i'm really ok being broke (i've been there my whole life). the problem is everybody thinks i'm dumb and batshit crazy for not caring money (what about health insurance? how are you gonna support yourself? you'll regret it) and nobody understands that money. is. paper. and i don't care. i know how to steal, food isn't a problem. i just want to help people and i don' t need m oney to do that. tbh i would fake being religious to go be a missionary in countries damaged by political trauma, natural disasters, etc. what's the point sitting on a fat stack of cash and never helping anybody out that shit is gross. am i wrong for wanting to do that? should i work to something bigger? should i tell people to piss off, or take their advice with a grain of salt? ik you'll either a.) not answer or b.) give a half assed single word/sentence answer but hey, i'm gonna stay optimistic, you seem like a cool dude and gracias if you help a sis out. salut?","it sounds like you are very strong and resilient. money does matter, and the ways people say it does matter are real. but you have also indicated that you are patient, resourceful, hard working, and responsible. it sounds like you are going to be fine. that kind of attitude is exactly what is going to free you up mentally, spiritually, and logistically, to build your life in exactly the way you are meant to. pretty soon everyone will be looking up to you and asking you how you did it."
do you talk in real life like you sing in your video's?,"in normal situations i do not sing to communicate, unless i am recording it to be posted online."
Now is 20:52. I always wanted to see the time difference side by side in the question. Thnaks?,
What is the biggest number?,2.
what is your opinion on fiat currency?,i keep forgetting which one is fiat and which one is not fiat.
There was a question saying are bricks edible and u said no. But your Twitter says otherwisehttps://twitter.com/billwurtz/status/814213939974275072?,it is important to remember that my twitter page often utilizes fiction.
Do you even bro?,it seems like i am doing it constantly.
What is the secret to success?,"do what you think is right ruthlessly and voraciously, forever."
hello please hire me?,ok.
What is your favorite kind of music to write?,"i like it better when you can break the kind finding machine, which might not have ever worked in the first place."
do you like libraries?,they are ok.
zkFLHQLEKJGHQLEKHGKQEJG?,i know what you mean.
are you going to be a movie star?,what the heck is a movie star.
How do i unrudely tell people I don't want to explain what an art thing means and that it should speak for itself?,do not show up to the interrogation in the first place.
is it ok to feel lost?,"yes, that gives you the fun of finding yourself."
will the bill wurtz band tour with you or will it be composed of local players in each new city?,that would be great although the chemistry will be much stronger if it is consistent members.
help im addicted to banjo?,me too.
when will your next video appear into existence?,today.
if the next video is done why isnt it posted?,because i decided not to release it while the majority of the viewing population was asleep.
when will you release your new video?,today.
Music is... A)the best B)the worst C)not too shabby D)none of the above E)all of the above?,"some of the above, at varioius times."
reply t o my email plz?,which one is yours.
"If you were to say EAT!!!!! really loud and deep every time you ate, what would u do?","if i did what you said i would do, then i would do what you said i would do. in reality however, i would not do the thing you said i would do, so therefore i would not do the thing you said i would do. i hope that makes sense."
"Thanks, m8?",
Should I expect a video soon?,yes.
do you know what a blue corn moon is?,it's actually just the regular moon.
If it is the later please explain that method?,i use my voice muscles.
favorite dead meme?,memes.
what does it mean to be happy?,i don't know.
"you answered a question at 7.29.174:32 pm about what kind of scientist you'd be if you were one, by saying that you already are a scientist. what kind of scientist are you? :)?",i just switched kinds.
would you say your capabilities have increased steadily or quickly as compared to similar stretches in your past life?,when.
"Also, is there any improvisation involved in the score/background music (I think you said before you do that part last, but do you fully chart it out before recording it?)?",.
what do all good documentaries have to have?,"they have to be called a 'good documentary' by you, otherwise they would have not found themself into this category in this scenario."
"If life were a video game, what would the Final Boss Fight be? (The 'Bowser' of Life?)?","that would be different depending on the person, just like the final boss of a game is different depending on the game."
is there anything that's not cool?,sure but most of those things are also cool.
if a CRITICAL ERROR in hotewig was discovered (not saying there is one)?,"there is, the video was supposed to be about softball."
do you have a pet goat?,i will check.
do you ever feel like you need a long break from this page?,yes.
what's the point in having favorites if everything is unique and different in their own way?,"perhaps it makes you easier to predict, and manipulate."
How do you feel about passive agressiveness?,the phrase 'passive aggressive' has a negative connotation. people usually say 'passive aggressive' to describe behavior they don't like.
why is read and read spelled the same way?,i don't know.
"Do you have any assistance in your filmmaking/music roduction? For example, an assistant editor.Just curious?",no.
How many of your ideas never make it to the production phase? approximate a percentage pls?,"i won't be able to tell if they 'never' make it until forever occurs and they still haven't made it by then. in other words, old ideas get used all the time. there are hundreds of ideas that can be used and will be used in the future. for example, 2 months ago, the song 'movie star' was just a title hook, and had not yet been produced. but 1 month later it was finished and produced. so there are surely ideas now that are unproduced that will be produced in the future. i'm not sure if that answers your question."
why do people need to post their lives on social media?,so that other people can see it.
What is your opinion on something?,it's ok.
Why do you typically solo in super high register notes on your keyboard?,"i typically use the full range of the keyboard, including going much lower than perhaps a leading instrument should go. but i respect your opinion."
am i okay?,yes.
do you think you are entering a new level of Fame?,it's a ramp.
"i just realized the ebb and flow of the questions page means that once you publicly address the nagging, you'll get a billion questions from people telling you to ignore the nagging?",that's true.
